品番,サイズコード,"サイズ（ / 区切り）",商品名
cr24aw05040P,01,72cm/123cm/62cm/81cm/50cm/22cm/104cm〜161cm/約610g,"ダブルブレストダウンジャケット 受注期間 - 11/17 23:59"
cr24aw05040P,02,74cm/126cm/63cm/83cm/51cm/22.5cm/107〜164cm/約670g,"ダブルブレストダウンジャケット 受注期間 - 11/17 23:59"
cr24aw05040P,03,76cm/129cm/65cm/84cm/52cm/23cm/110cm〜167cm/約670g,"ダブルブレストダウンジャケット 受注期間 - 11/17 23:59"
cr25aw01141P,01,108.5cm/40cm/116cm/62cm/82cm/53cm/19.5cm/約1370g,"2wayノーカラーパファーコート 受注期間 - 11/17 23:59"
cr25aw01141P,02,111.5cm/41cm/119cm/63.5cm/84cm/54cm/19.5cm/約1450g,"2wayノーカラーパファーコート 受注期間 - 11/17 23:59"
cr25aw01141P,03,114.5cm/42cm/122cm/65cm/86cm/55cm/19.5cm/約1530g,"2wayノーカラーパファーコート 受注期間 - 11/17 23:59"
cr25aw01145P,01,112.5cm/41cm/118cm/13cm/60cm/80.5cm/46cm/約1500g,"コーデュロイシートダウンコート 受注期間 - 11/17 23:59"
cr25aw01145P,02,115.5cm/42cm/121cm/13.5cm/62cm/83cm/47cm/約1540g,"コーデュロイシートダウンコート 受注期間 - 11/17 23:59"
cr25aw01145P,03,118.5cm/43cm/124cm/14cm/64cm/85.5cm/48cm/約1680g,"コーデュロイシートダウンコート 受注期間 - 11/17 23:59"
cr25aw09163P,01,54cm/105cm/20cm/15cm/84cm/36cm/17cm/90cm,"ウールリヨセルハイネックニット 受注期間 - 11/17 23:59"
cr25aw09163P,02,56cm/109cm/20cm/15cm/86cm/37cm/17cm/94cm,"ウールリヨセルハイネックニット 受注期間 - 11/17 23:59"
cr25aw09163P,03,58cm/113cm/20cm/15cm/88cm/38cm/17cm/98cm,"ウールリヨセルハイネックニット 受注期間 - 11/17 23:59"
cr25aw09167P,02,55cm/63cm/56cm/102cm/21cm/49cm/77cm/41cm/28cm/111cm,"ロービングスラブルーズニット 受注期間 - 11/17 23:59"
cr25aw09167P,03,62cm/67cm/58cm/107cm/22cm/51cm/80cm/42cm/30cm/116cm,"ロービングスラブルーズニット 受注期間 - 11/17 23:59"
cr25aw11169P,01,97.5cm/約67cm〜75.5㎝/99cm/64.5cm/51cm/31cm/66cm,"ギャバフリースウォームスラックス 受注期間 - 11/17 23:59"
cr25aw11169P,02,100.5cm/約71cm〜80㎝/103cm/66.5cm/53cm/32cm/68cm,"ギャバフリースウォームスラックス 受注期間 - 11/17 23:59"
cr25aw11169P,03,103.5cm/約75cm〜84.5㎝/107cm/68.5cm/55cm/33cm/70cm,"ギャバフリースウォームスラックス 受注期間 - 11/17 23:59"
cr25aw11169P,66,108.5cm/約75cm〜84.5㎝/107cm/68.5cm/55cm/33cm/75cm,"ギャバフリースウォームスラックス 受注期間 - 11/17 23:59"
cr25aw09168P,02,85cm/約69cm〜82.5cm/99cm/111cm/5cm,"ロービングスラブニットスカート 受注期間 - 11/17 23:59"
cr25aw09168P,03,91cm/約74cm〜88.5cm/104cm/116cm/5cm,"ロービングスラブニットスカート 受注期間 - 11/17 23:59"
cr25aw07409P,99,175cm/50㎝/10㎝,"モイストタッチボリュームストール 受注期間 - 11/17 23:59"
cr25aw14170P,44,約12g,"グロッシーペブルピアス / イヤリング 受注期間 - 11/17 23:59"
cr25aw14170P,55,約14g,"グロッシーペブルピアス / イヤリング 受注期間 - 11/17 23:59"
cr25aw14170,44,約12g,"グロッシーペブルピアス / イヤリング"
cr25aw14170,55,約14g,"グロッシーペブルピアス / イヤリング"
cr25aw07409,99,175cm/50㎝/10㎝,モイストタッチボリュームストール
cr25aw09168,02,85cm/約69cm〜82.5cm/99cm/111cm/5cm,ロービングスラブニットスカート
cr25aw09168,03,91cm/約74cm〜88.5cm/104cm/116cm/5cm,ロービングスラブニットスカート
cr25aw11169,01,97.5cm/約67cm〜75.5㎝/99cm/64.5cm/51cm/31cm/66cm,ギャバフリースウォームスラックス
cr25aw11169,02,100.5cm/約71cm〜80㎝/103cm/66.5cm/53cm/32cm/68cm,ギャバフリースウォームスラックス
cr25aw11169,03,103.5cm/約75cm〜84.5㎝/107cm/68.5cm/55cm/33cm/70cm,ギャバフリースウォームスラックス
cr25aw11169,66,108.5cm/約75cm〜84.5㎝/107cm/68.5cm/55cm/33cm/75cm,ギャバフリースウォームスラックス
cr25aw09163,01,54cm/105cm/20cm/15cm/84cm/36cm/17cm/90cm,ウールリヨセルハイネックニット
cr25aw09163,02,56cm/109cm/20cm/15cm/86cm/37cm/17cm/94cm,ウールリヨセルハイネックニット
cr25aw09163,03,58cm/113cm/20cm/15cm/88cm/38cm/17cm/98cm,ウールリヨセルハイネックニット
cr25aw09167,02,55cm/63cm/56cm/102cm/21cm/49cm/77cm/41cm/28cm/111cm,ロービングスラブルーズニット
cr25aw09167,03,62cm/67cm/58cm/107cm/22cm/51cm/80cm/42cm/30cm/116cm,ロービングスラブルーズニット
cr25aw01145,01,112.5cm/41cm/118cm/13cm/60cm/80.5cm/46cm/約1500g,コーデュロイシートダウンコート
cr25aw01145,02,115.5cm/42cm/121cm/13.5cm/62cm/83cm/47cm/約1540g,コーデュロイシートダウンコート
cr25aw01145,03,118.5cm/43cm/124cm/14cm/64cm/85.5cm/48cm/約1680g,コーデュロイシートダウンコート
cr25aw01141,01,108.5cm/40cm/116cm/62cm/82cm/53cm/19.5cm/約1370g,2wayノーカラーパファーコート
cr25aw01141,02,111.5cm/41cm/119cm/63.5cm/84cm/54cm/19.5cm/約1450g,2wayノーカラーパファーコート
cr25aw01141,03,114.5cm/42cm/122cm/65cm/86cm/55cm/19.5cm/約1530g,2wayノーカラーパファーコート
cr25aw19416,77,89cm/2.5cm/60-75cm/3.6cm/5.1cm/0.4〜0.58cm,ボタンスタッズスウェードベルト
cr25aw19416,88,101.5cm/2.5cm/72.5‾87.5cm/3.6cm/5.1cm/0.4〜0.58cm,ボタンスタッズスウェードベルト
cr25aw11147,01,96.5cm/約69cm〜73㎝/102cm/63cm/53cm/31cm/65cm,サイドシームニットラインスラックス
cr25aw11147,02,99.5cm/約72cm〜76.5㎝/105cm/65cm/54cm/32cm/67cm,サイドシームニットラインスラックス
cr25aw11147,03,102.5cm/約75cm〜79.5㎝/108cm/67cm/55cm/33cm/69cm,サイドシームニットラインスラックス
cr25aw18164,01,119cm/35cm/86cm/8.5cm/79cm/61.5cm/28cm/17cm,フロントフライニットワンピース
cr25aw18164,02,125cm/36cm/89cm/8.5cm/81.5cm/63.5cm/29cm/17cm,フロントフライニットワンピース
cr25aw18164,03,131cm/37cm/92cm/8.5cm/84cm/65.5cm/30cm/17cm,フロントフライニットワンピース
cr25aw19161,01,93cm/約65cm〜75.5cm/98cm/約105cm/48cm/39cm,3wayスリットIラインスカート
cr25aw19161,02,96cm/約69cm〜80.5cm/102cm/約109cm/49.5cm/40.5cm,3wayスリットIラインスカート
cr25aw19161,03,99cm/約73cm〜85cm/106cm/約113cm/51cm/42cm,3wayスリットIラインスカート
cr25aw09165,01,47cm/37cm/95cm/11.5cm/57cm/75.5cm/34cm/15cm/77cm,2wayハイネックスリムカーディガン
cr25aw09165,02,49cm/38cm/98cm/11.5cm/59cm/78cm/35cm/15cm/80cm,2wayハイネックスリムカーディガン
cr25aw09165,03,51cm/39cm/101cm/11.5cm/61cm/80.5cm/36cm/15cm/83cm,2wayハイネックスリムカーディガン
cr25aw09162,02,60cm/46cm/110cm/55cm/78cm/34cm/16cm/76cm,カシミアブレンドメリノウールニット
cr25aw09162,03,65cm/48cm/114cm/57cm/81cm/36cm/17cm/80cm,カシミアブレンドメリノウールニット
cr25aw03159,01,70cm/40cm/98cm/60cm/80cm/37.5cm/約640g,ソフトツイードオーバージャケット
cr25aw03159,02,72cm/41cm/101cm/62cm/82.5cm/38.5cm/約660g,ソフトツイードオーバージャケット
cr25aw03159,03,75cm/43cm/107cm/66cm/87.5cm/40.5cm/約720g,ソフトツイードオーバージャケット
cr25aw01140,01,71cm/56cm/121.5cm/50cm/78cm/55cm/約990g,リバーフーデッドミドルコート
cr25aw01140,02,73cm/57cm/124.5cm/52cm/80.5cm/56cm/約1040g,リバーフーデッドミドルコート
cr25aw01140,03,75cm/58cm/127.5cm/54cm/83cm/57cm/約1080g,リバーフーデッドミドルコート
cr25aw01138,01,118cm/58cm/122cm/49.5cm/78.5cm/46cm/約1420g,リバーロングステンカラーコート
cr25aw01138,02,122cm/59cm/125cm/51cm/80.5cm/47cm/約1490g,リバーロングステンカラーコート
cr25aw01138,03,126cm/60cm/128cm/52.5cm/82.5cm/48cm/約1540g,リバーロングステンカラーコート
cr25aw15173,99,約2L/14cm/27cm/7.5cm/75cm〜145cm/7mm/14cm/7.5cm/約370g,マルチウェイソフトレザーバッグ
cr25aw14166,99,23cm/約54cm,ストラップフィットコットンビーニー
cr25aw06139,01,125cm/37cm/98cm/79.5cm/61cm/45cm/22cm/122cm,ベルベットフードワンピース
cr25aw06139,02,129cm/38cm/101cm/82cm/63cm/47cm/22cm/125cm,ベルベットフードワンピース
cr25aw06139,03,133cm/39cm/104cm/84.5cm/65cm/49cm/22cm/128cm,ベルベットフードワンピース
cr25aw11155,01,100cm/64cm/約58cm〜75.5cm/108cm/72cm/56cm/30.5cm/68.5cm,フリーウエストベルテッドパンツ
cr25aw11155,02,103cm/68cm/約62cm〜80cm/112cm/74.5cm/58cm/31.5cm/70.5cm,フリーウエストベルテッドパンツ
cr25aw11155,03,106cm/72cm/約66cm〜85cm/116cm/77cm/60cm/32.5cm/72.5cm,フリーウエストベルテッドパンツ
cr25aw11155,66,110cm/72cm/約66cm〜85cm/116cm/77cm/60cm/32.5cm/76.5cm,フリーウエストベルテッドパンツ
cr25aw19160,01,90cm/約65cm〜69cm/99cm/109cm/5.5cm,フェイクスウェードIラインスカート
cr25aw19160,02,93cm/約69cm〜73cm/103cm/113cm/5.5cm,フェイクスウェードIラインスカート
cr25aw19160,03,96cm/約73cm〜77cm/107cm/117cm/5.5cm,フェイクスウェードIラインスカート
cr25aw07157,01,56.5cm/34.5cm/99cm/10cm/20cm/約76cm/59cm/40cm/20cm/101cm,バックドロストハイネックトップス
cr25aw07157,02,59.5cm/35.5cm/103cm/10cm/20cm/約78.5cm/61cm/41cm/20cm/105cm,バックドロストハイネックトップス
cr25aw07157,03,62.5cm/36.5cm/107cm/10cm/20cm/約81cm/63cm/42cm/20cm/109cm,バックドロストハイネックトップス
cr25aw09156,77,58cm/57cm/132cm/22cm/77.5cm/49cm/40cm/28cm/120cm,モヘヤミックスシアールーズニット
cr25aw09156,88,66cm/57cm/132cm/22cm/80.5cm/52cm/40cm/28cm/120cm,モヘヤミックスシアールーズニット
cr25aw06154,01,67cm/51cm/111cm/76.5cm/51cm/44cm/21.5cm〜24.5cm/111cm,ストライプパネルシームシャツ
cr25aw06154,02,69.5cm/52cm/114cm/79cm/53cm/45cm/22cm〜25cm/114cm,ストライプパネルシームシャツ
cr25aw06154,03,72cm/53cm/117cm/81.5cm/55cm/46cm/22cm〜26cm/117cm,ストライプパネルシームシャツ
cr25aw04153,01,65cm/54cm/126cm/18cm/81cm/54cm/52.5cm/24cm〜31cm/126cm/約440g,ヴィンテージギャバルーズブルゾン
cr25aw04153,02,68cm/55cm/130cm/18.5cm/83cm/55.5cm/53.5cm/24.5cm〜31.5cm/130cm/約450g,ヴィンテージギャバルーズブルゾン
cr25aw04153,03,71cm/56cm/134cm/19cm/85cm/57cm/54.5cm/25cm〜32cm/134cm/約480g,ヴィンテージギャバルーズブルゾン
cr25aw14134,99,80cm/0.1cm/約5.3cm/最大0.6cm/0.5cm/約10g,ウェイビーアジャスタブルネックレス
cr25aw06151,01,124cm/38.5cm/106cm/17cm/58cm/47cm/23.5cm/119cm,サテンドレープシャツワンピース
cr25aw06151,02,130cm/39.5cm/109cm/17cm/59cm/48cm/24.5cm/122cm,サテンドレープシャツワンピース
cr25aw06151,03,135.5cm/40.5cm/112cm/17cm/61cm/49cm/25.5cm/125cm,サテンドレープシャツワンピース
cr25aw19148,01,91cm/約58.5cm〜74cm/102cm/102cm/56cm,テンセルコットンピケIラインスカート
cr25aw19148,02,94cm/約62.5cm〜79cm/106cm/106cm/57cm,テンセルコットンピケIラインスカート
cr25aw19148,03,97cm/約66.5cm〜84cm/110cm/110cm/58cm,テンセルコットンピケIラインスカート
cr25aw11149,00,/94cm/約61cm〜71cm/88cm/61.5cm/27.5cm/65cm,アジャスタブルIラインデニムパンツ
cr25aw11149,01,/97cm/約64cm〜74cm/92cm/63cm/28.5cm/67cm,アジャスタブルIラインデニムパンツ
cr25aw11149,02,/100cm/約67cm〜77cm/96cm/64cm/29.5cm/69cm,アジャスタブルIラインデニムパンツ
cr25aw11149,03,/104cm/約70cm〜80cm/100cm/65.5cm/30.5cm/72cm,アジャスタブルIラインデニムパンツ
cr25aw11149,66,/109cm/約70cm〜80cm/100cm/65.5cm/32.5cm/75cm,アジャスタブルIラインデニムパンツ
cr25aw09150,99,49cm/88cm/22cm/22cm/21cm/25cm/74cm,2wayウールカシミアニットビスチェ
cr25aw06144,01,73.5cm/48cm/116.5cm/54cm/46cm/20.5cm〜24cm/119cm,テンセルコットンピケミニマルシャツ
cr25aw06144,02,75.5cm/49cm/119.5cm/56cm/47cm/21.5cm〜25cm/122cm,テンセルコットンピケミニマルシャツ
cr25aw06144,03,77.5cm/50cm/122.5cm/58cm/48cm/21.5cm〜25cm/125cm,テンセルコットンピケミニマルシャツ
cr25aw08146,01,51cm/57cm/62cm/116cm/27cm/6.5cm/5cm/45cm/41cm/20cm/96cm,2wayラフインレーボートネックロンT
cr25aw08146,02,53cm/59cm/63cm/120cm/28cm/6.5cm/5cm/46.5cm/42cm/20cm/100cm,2wayラフインレーボートネックロンT
cr25aw08146,03,55cm/61cm/64cm/124cm/29cm/6.5cm/5cm/48cm/43cm/20cm/104cm,2wayラフインレーボートネックロンT
cr25aw07142,01,56cm/39.5cm/89cm/19.5cm/9cm/25.5cm/35cm/27cm/90cm,シアーベロアクルーネックT
cr25aw07142,02,58cm/40.5cm/92cm/20cm/9.5cm/26.5cm/36cm/28cm/93cm,シアーベロアクルーネックT
cr25aw07142,03,60cm/41.5cm/95cm/20.5cm/10cm/27.5cm/37cm/29cm/96cm,シアーベロアクルーネックT
cr25ss06128,01,122cm/92cm/17.5cm/34cm/139cm,イージーラップマキシワンピース
cr25ss06128,02,126cm/94m/17.5cm/35cm/142cm,イージーラップマキシワンピース
cr25ss06128,03,130cm/96cm/17.5cm/36cm/145cm,イージーラップマキシワンピース
cr25ss11130,01,95.5cm/約64cm〜71.5cm/103cm/66cm/55cm/30.5cm/65cm/4cm,ウォーターリペレントスラックス
cr25ss11130,02,98.5cm/約68cm〜76cm/107cm/68cm/57cm/31.5cm/67cm/4cm,ウォーターリペレントスラックス
cr25ss11130,03,101.5cm/約72cm〜80.5cm/111cm/70cm/59cm/32.5cm/69cm/4cm,ウォーターリペレントスラックス
cr25ss07129,01,57cm/37.5cm/98cm/104cm/23cm/35cm,ドライコンフォートカラーTシャツ
cr25ss07129,02,59cm/38.5cm/101cm/107cm/24cm/37cm,ドライコンフォートカラーTシャツ
cr25ss07129,03,61cm/39.5cm/104cm/110cm/25cm/39cm,ドライコンフォートカラーTシャツ
cr25ss03127,01,62cm/39cm/97cm/57cm/35cm/29cm/約400g,ポケッタブルストレッチジャケット
cr25ss03127,02,64cm/40cm/100cm/58.5cm/36cm/29.5cm/約420g,ポケッタブルストレッチジャケット
cr25ss03127,03,66cm/41cm/103cm/60cm/37cm/30cm/約440g,ポケッタブルストレッチジャケット
cr25ss18118,01,約122cm〜128cm/104cm/約85cm〜92cm/126cm/33cm〜41cm,ボックスタックキャミワンピース
cr25ss18118,02,約127.5cm〜133.5cm/109cm/約88cm〜95cm/129cm/34cm〜42cm,ボックスタックキャミワンピース
cr25ss18118,03,約132.5cm〜138.5cm/113cm/約91cm〜98.5cm/132cm/35cm〜43cm,ボックスタックキャミワンピース
cr25ss11119,01,98.5cm/約65cm〜69.5cm/97cm/66.5cm/49cm/31cm/66cm/4cm,ピンタックスラブストレートパンツ
cr25ss11119,02,101.5cm/約69cm〜74cm/101cm/68.5cm/51cm/32cm/68cm/4cm,ピンタックスラブストレートパンツ
cr25ss11119,03,104.5㎝/約73cm〜78.5cm/105cm/70.5cm/53cm/33cm/70cm/4cm,ピンタックスラブストレートパンツ
cr25ss11114,01,97cm/約64cm〜76.5cm/102cm/69cm/55cm/30.5cm/67cm/3.5cm,トリアセテートジャカードパンツ
cr25ss11114,02,99.5cm/約68cm〜79cm/106cm/71cm/57cm/31cm/69cm/3.5cm,トリアセテートジャカードパンツ
cr25ss11114,03,102cm/約72cm〜83.5cm/110cm/73cm/59cm/31.5cm/71cm/3.5cm,トリアセテートジャカードパンツ
cr25ss11113,01,97cm/約64cm〜71.5cm/105cm/70cm/56cm/30.5cm/67cm/3.5cm,ウォッシャブルサテンスラックス
cr25ss11113,02,99.5cm/約68cm〜76cm/109cm/72cm/58cm/31cm/69cm/3.5cm,ウォッシャブルサテンスラックス
cr25ss11113,03,102cm/約72cm〜80cm/113cm/74cm/60cm/31.5cm/71cm/3.5cm,ウォッシャブルサテンスラックス
cr25ss06123,05,109cm/106cm/42.5cm/27cm/35cm/26cm/7cm/42cm/106cm,シアーニットストレートワンピース
cr25ss06123,06,121cm/106cm/42.5cm/28cm/35cm/26cm/7cm/47cm/106cm,シアーニットストレートワンピース
cr25ss19152,01,91cm/64cm〜80cm/98cm/102cm,ストレッチベロアストレートスカート
cr25ss19152,02,94cm/67cm〜84cm/101cm/105cm,ストレッチベロアストレートスカート
cr25ss19152,03,97cm/70cm〜87.5cm/104cm/108cm,ストレッチベロアストレートスカート
cr25ss07116,01,"/58.5cm/約34.5cm/99cm/21.5cm/21.5cm : 8cm/21cm//61.5cm/約30cm/75cm/20.5cm/15.5cm : 10cm/21.5cm",マルチウェイレイヤードタンクトップ
cr25ss07116,02,"/60cm/約34.5cm/102cm/21.5cm/21.5cm : 8cm/21cm//64cm/約30cm/78cm/20.5cm/16cm : 10cm/21.5cm",マルチウェイレイヤードタンクトップ
cr25ss07116,03,"/61.5cm/約34.5cm/105cm/21.5cm/21.5cm : 8cm/21cm//66.5cm/約30cm/81cm/20.5cm/16.5cm : 10cm/21.5cm",マルチウェイレイヤードタンクトップ
cr25ss07112,01,59cm/41cm/98cm/98cm/22cm/42cm/2cm,フォトグラフィープリントTシャツ
cr25ss07112,02,61cm/42cm/101cm/101cm/22.5cm/42cm/2cm,フォトグラフィープリントTシャツ
cr25ss07112,03,63cm/43cm/104cm/104cm/23cm/43cm/2cm,フォトグラフィープリントTシャツ
cr24aw06125,01,72.5cm/123.5cm/116.5cm/41.5cm/37cm,セミドルマンドロストデザインシャツ
cr24aw06125,02,74.5cm/126.5cm/119.5cm/43cm/38cm,セミドルマンドロストデザインシャツ
cr24aw06125,03,76.5cm/129.5cm/122.5cm/44.5cm/39cm,セミドルマンドロストデザインシャツ
cr25ss07087,01,66cm/41cm/100cm/24.5cm,フロントフライバックオープンジレ
cr25ss07087,02,68cm/42cm/103cm/25.5cm,フロントフライバックオープンジレ
cr25ss07087,03,70cm/43cm/106cm/26.5cm,フロントフライバックオープンジレ
cr25ss03115,01,62.5cm/39cm/94cm/28.5cm/38cm/約220g,ショールハーフスリーブジャケット
cr25ss03115,02,65.5cm/40cm/97cm/30.5cm/39cm/約240g,ショールハーフスリーブジャケット
cr25ss03115,03,68.5cm/41cm/100cm/32.5cm/39.5cm/約240g,ショールハーフスリーブジャケット
cr24aw15132,99,54cm〜66cm/77cm〜109cm/32cm/34cm/42cm/18cm/横34cm×高さ30cm/横11cm×高さ14cm/横17cm×高さ14cm/約550g,ナイロンレザーショルダーバッグ
cr25ss07111,01,57.5cm/92cm/84cm/96cm/36cm/58cm/32cm/20cm/24cm/9.5cm/7cm,2wayハニカムサーマルカットソー
cr25ss07111,02,60.5cm/95cm/87cm/99cm/37cm/60cm/33cm/21cm/24.5cm/10cm/7.5cm,2wayハニカムサーマルカットソー
cr25ss07111,03,63.5cm/98cm/90cm/102cm/38cm/62cm/34cm/22cm/25cm/10cm/7.5cm,2wayハニカムサーマルカットソー
cr25ss19107,01,90cm/64cm〜71cm/98cm/約104cm,ラップレイヤードIラインスカート
cr25ss19107,02,94cm/68cm〜75cm/102cm/約108cm,ラップレイヤードIラインスカート
cr25ss19107,03,97cm/72cm〜79cm/106cm/約112cm,ラップレイヤードIラインスカート
cr25ss11104,01,96cm/70cm/98cm/69cm/61cm/28cm/67.5cm,ヴィンテージライクワイドパンツ
cr25ss11104,02,99cm/73.5cm/101.5cm/71cm/62cm/29cm/69.5cm,ヴィンテージライクワイドパンツ
cr25ss11104,03,102cm/77cm/105cm/72.5cm/63cm/30cm/71.5cm,ヴィンテージライクワイドパンツ
cr25ss06081,01,75.5cm/68cm/149cm/42.5cm/78cm/51cm/22cm,フルダルスパンフードシャツ
cr25ss06081,02,77.5cm/69cm/152cm/44.5cm/80.5cm/52cm/22cm,フルダルスパンフードシャツ
cr25ss06081,03,79.5cm/70cm/155cm/46.5cm/83cm/53cm/23cm,フルダルスパンフードシャツ
cr25ss06088,01,76.5cm/56cm/126cm/50cm/55cm/22.5cm,オーバーサイズコットンシャツ
cr25ss06088,02,79cm/57cm/129cm/52cm/56cm/23cm,オーバーサイズコットンシャツ
cr25ss06088,03,81.5cm/58cm/132cm/54cm/57cm/23.5cm,オーバーサイズコットンシャツ
cr25ss08109,01,61cm/36.5cm/111cm/63.5cm/49cm/約67cm,セットインルーズスウェットロンT
cr25ss08109,02,63cm/37.5cm/114cm/66cm/51cm/約69cm,セットインルーズスウェットロンT
cr25ss08109,03,65cm/38.5cm/117cm/68.5cm/53cm/約71cm,セットインルーズスウェットロンT
cr25ss03108,01,68cm/39cm/103cm/58cm/38cm/30cm/350g,レイヤードシアージャケット
cr25ss03108,02,71cm/40cm/106cm/60cm/39cm/31cm/360g,レイヤードシアージャケット
cr25ss03108,03,74cm/41cm/109cm/62cm/40cm/32cm/390g,レイヤードシアージャケット
cr25ss19089,01,90cm/65〜77.6cm/99cm/107cm/5.5cm,バックタックナロースカート
cr25ss19089,02,93cm/69〜81.6cm/103cm/111cm/5.5cm,バックタックナロースカート
cr25ss19089,03,96cm/73〜85.6cm/107cm/115cm/5.5cm,バックタックナロースカート
cr25ss10080,00,68cm/96cm/28cm/66cm/70cm/46cm/4.5cm,ソフトカーヴィーデニムパンツ
cr25ss10080,01,71cm/100cm/30cm/67cm/71cm/47cm/4.5cm,ソフトカーヴィーデニムパンツ
cr25ss10080,02,74cm/104cm/32cm/68cm/72cm/47cm/4.5cm,ソフトカーヴィーデニムパンツ
cr25ss10080,03,77cm/108cm/34cm/70cm/74cm/48cm/4.5cm,ソフトカーヴィーデニムパンツ
cr25ss14131,99,約98㎝/約47.5㎝/約54.5㎝/約46g,2wayウォーターパールネックレス
cr25ss19106,01,63cm〜96cm/5cm/85cm,ナイロンドレープマキシスカート
cr25ss19106,02,66cm〜96cm/5cm/88cm,ナイロンドレープマキシスカート
cr25ss19106,03,69cm〜99cm/5cm/91cm,ナイロンドレープマキシスカート
cr25ss08101,01,22cm/6.5cm/36cm/84cm/63cm/38cm/18cm,シルクブレンドボートネックロンT
cr25ss08101,02,22.5cm/7cm/37cm/88cm/66cm/39cm/18cm,シルクブレンドボートネックロンT
cr25ss08101,03,23cm/7cm/38cm/92cm/69cm/40cm/19cm,シルクブレンドボートネックロンT
cr25ss06083,01,65.5cm/61cm/116cm/47cm/5.5cm/141cm,2wayハイネックボウタイシャツ
cr25ss06083,02,67.5cm/62cm/119cm/49cm/5.5cm/141cm,2wayハイネックボウタイシャツ
cr25ss06083,03,69.5cm/63cm/122cm/51cm/5.5cm/141cm,2wayハイネックボウタイシャツ
cr25ss11102,01,68.5cm〜76.5cm/70cm〜78cm/100cm/28cm/67cm/67cm/51cm,2wayレイヤードストレートパンツ
cr25ss11102,02,72.5cm〜80.5cm/74cm〜82cm/104cm/29cm/69cm/69cm/53cm,2wayレイヤードストレートパンツ
cr25ss11102,03,76.5cm〜84.5cm/78cm〜86cm/108cm/30cm/71cm/71cm/55cm,2wayレイヤードストレートパンツ
cr25ss01082,01,76.5cm/124cm/59cm/51cm/約670g,ピーチスキンモッズコート
cr25ss01082,02,79.5cm/128cm/60cm/52.5cm/約710g,ピーチスキンモッズコート
cr25ss01082,03,82.5cm/132cm/61cm/54cm/約760g,ピーチスキンモッズコート
cr25ss01085,01,114cm/117cm/79cm/1040g,ドレープステンカラーコート
cr25ss01085,02,119cm/120cm/82cm/1100g,ドレープステンカラーコート
cr25ss01085,03,125cm/123cm/85cm/1160g,ドレープステンカラーコート
cr24aw15075,99,14cm/27cm/7.5cm/75cm〜145cm/7mm/14.5cm/8cm/約340g,マルチウェイソフトレザーバッグ
cr24aw07409,99,175cm/50cm/10cm,モイストタッチボリュームストール
cr24aw09071,02,58cm/17cm/22cm/59cm/115cm/58cm/76cm/16cm/115cm,メランジハイネックルーズニット
cr24aw09071,03,63cm/17cm/22cm/63cm/123cm/62cm/81cm/17cm/123cm,メランジハイネックルーズニット
cr24aw11070,01,64.5cm〜71.5cm/4.5cm/109cm/32cm/64cm/96cm/72cm/52cm,ウールミックスツィードスラックス
cr24aw11070,02,68.5cm〜75.5cm/4.5cm/113cm/33cm/67cm/100cm/74cm/54cm,ウールミックスツィードスラックス
cr24aw11070,03,72.5cm〜79.5cm/4.5cm/117cm/34cm/70cm/104cm/76cm/56cm,ウールミックスツィードスラックス
cr24aw09050,02,55cm/9.5cm/52cm/108cm/54cm/73cm/19cm/102cm,ミックスヤーンクルーネックニット
cr24aw09050,03,58cm/10cm/57cm/114cm/57cm/79cm/20cm/106cm,ミックスヤーンクルーネックニット
cr24aw05040,01,72cm/123cm/62cm/81cm/50cm/22cm/104cm〜161cm/約610g,ダブルブレストダウンジャケット
cr24aw05040,02,74cm/126cm/63cm/83cm/51cm/22.5cm/107〜164cm/約670g,ダブルブレストダウンジャケット
cr24aw05040,03,76cm/129cm/65cm/84cm/52cm/23cm/110cm〜167cm/約670g,ダブルブレストダウンジャケット
cr24aw04101,01,70cm/36cm/121cm/61cm/80cm/48cm/130cm/960g,マイルドシャギーウールPコート
cr24aw04101,02,72cm/37cm/124cm/62cm/82cm/49cm/133cm/960g,マイルドシャギーウールPコート
cr24aw04101,03,74cm/38cm/127cm/64cm/85cm/50cm/136cm/990g,マイルドシャギーウールPコート
cr24aw07210,01,63cm〜70cm/102cm/31cm/62cm/95cm/68cm/58cm/5cm,ソフトツイストデニムワイドパンツ
cr24aw07210,02,67cm〜74cm/106cm/32cm/64cm/98cm/70cm/60cm/5cm,ソフトツイストデニムワイドパンツ
cr24aw07210,03,71cm〜78cm/110cm/33cm/66cm/101cm/72cm/62cm/5cm,ソフトツイストデニムワイドパンツ
cr24aw06708,01,61cm/9cm/37cm/110cm/55cm/78cm/49cm/20cm/102cm,カーヴィシームリブプルオーバー
cr24aw06708,02,63cm/10cm/38cm/113cm/56.5cm/80cm/50cm/20cm/105cm,カーヴィシームリブプルオーバー
cr24aw06708,03,65cm/10cm/39cm/116cm/58cm/82cm/51cm/20cm/108cm,カーヴィシームリブプルオーバー
cr24aw19073,01,64cm〜73cm/5.5cm/98cm/120cm/87cm,ウールライクラップロングスカート
cr24aw19073,02,68cm〜77cm/5.5cm/102cm/124cm/90cm,ウールライクラップロングスカート
cr24aw19073,03,72cm〜81cm/5.5cm/106cm/128cm/93cm,ウールライクラップロングスカート
cr24aw09063,02,55cm/9cm/48cm/116cm/58cm/73cm/18cm/102cm,シャギークルーネックルーズニット
cr24aw09063,03,63cm/9cm/50cm/120cm/60cm/78cm/20cm/106cm,シャギークルーネックルーズニット
cr24aw01042,01,116cm/39cm/111cm/56cm/60cm/60cm/148cm/170cm/1600g,アジャスタブルウールロングコート
cr24aw01042,02,120cm/40cm/114cm/57cm/61cm/61cm/151cm/170cm/1650g,アジャスタブルウールロングコート
cr24aw01042,03,124cm/41cm/117cm/58cn/62cn/62cn/154cn/170cn/1700g,アジャスタブルウールロングコート
cr24aw04701,01,62cm/6.5cm/64cm/120cm/60cm/46cm/52cm/720g,2wayウールリバーショートコート
cr24aw04701,02,64cm/6.5cm/65cm/123cm/62cm/48cm/53cm/790g,2wayウールリバーショートコート
cr24aw04701,03,66cm/6.5cm/66cm/126cm/64cm/50cm/54cm/800g,2wayウールリバーショートコート
cr24aw05611,01,65cm〜72cm/5cm/96cm〜112cm/33cm/64cm/71cm/56cm,アシンメトリーツータックパンツ
cr24aw05611,02,69cm〜76cm/5cm/100cm〜116cm/34cm/66cm/74cm/59cm,アシンメトリーツータックパンツ
cr24aw05611,03,73cm〜80cm/5cm/104cm〜120cm/35cm/68cm/77cm/62cm,アシンメトリーツータックパンツ
cr24aw05506,01,56cm/67cm/46cm/44cm/115cm/111cm/43cm/55cm/23cm,バックステッチレギュラーシャツ
cr24aw05506,02,58cm/69cm/47cm/45cm/118cm/114cm/44cm/57cm/24cm,バックステッチレギュラーシャツ
cr24aw05506,03,59cm/71cm/48cm/46cm/121cm/117cm/45cm/59cm/24cm,バックステッチレギュラーシャツ
cr24aw06609,01,60cm/58cm/116cm/116cm/48cm/77cm/40cm/18cm,コットンミックスカノコニット
cr24aw06609,02,62cm/60cm/120cm/120cm/49cm/79cm/41cm/18cm,コットンミックスカノコニット
cr24aw06609,03,64cm/62cm/124cm/124cm/50cm/81cm/42cm/19cm,コットンミックスカノコニット
cr24aw09062,01,64cm/5cm/100cm/68cm/33cm/68cm/37cm/101cm,サイドシームレスニットパンツ
cr24aw09062,02,68cm/5cm/104cm/70cm/35cm/70cm/38cm/105cm,サイドシームレスニットパンツ
cr24aw09062,03,72cm/5cm/106cm/72cm/36cm/72cm/39cm/108cm,サイドシームレスニットパンツ
cr24aw19059,01,64cm〜78cm/4cm/101cm/163cm/90cm,キュプラブレンドナロースカート
cr24aw19059,02,68cm〜82cm/4cm/105cm/170cm/94cm,キュプラブレンドナロースカート
cr24aw19059,03,72cm〜86cm/4cm/109cm/177cm/97cm,キュプラブレンドナロースカート
cr24aw06518,01,119cm/54cm/6.5cm/25cm/80cm/111cm/77cm/24cm/35cm,ジョーゼットシェイプワンピース
cr24aw06518,02,123cm/55cm/6.5cm/25cm/84.5cm/115.5cm/79cm/24cm/35.5cm,ジョーゼットシェイプワンピース
cr24aw06518,03,127cm/56cm/6.5cm/25cm/89cm/120cm/81cm/24cm/36cm,ジョーゼットシェイプワンピース
cr24aw09060,05,"/12cm/122cm/58cm : 64cm/58cm/19cm//57cm/41cm/18cm/100cm/52cm : 48cm/47cm/100cm",ケープレイヤードVネックベスト
cr24aw09060,06,"/12cm/122cm/58cm : 64cm/61cm/19cm//61cm/41cm/18cm/100cm/52cm : 48cm/47cm/100cm",ケープレイヤードVネックベスト
cr24aw03057,01,68.5cm/39cm/95cm/47.5cm/78.5cm/11cm/100cm,ダブルテーラードジャケット
cr24aw03057,02,70.5cm/40cm/98cm/49cm/80.5cm/11cm/103cm,ダブルテーラードジャケット
cr24aw03057,03,72.5cm/41cm/101cm/50.5cm/82.5cm/11cm/106cm,ダブルテーラードジャケット
cr24aw04054,01,63cm/127cm/64cm/63cm/25cm/79cm/103cm-127cm/970g,フェイクレザージップブルゾン
cr24aw04054,02,64cm/132cm/66cm/66cm/26cm/81cm/108cm-132cm/1060g,フェイクレザージップブルゾン
cr24aw04054,03,65cm/136cm/68cm/69cm/26cm/83cm/112cm-136cm/1095g,フェイクレザージップブルゾン
cr24aw23051,01,64cm〜79cm/4cm/112cm/73cm/32cm/70cm/102cm,マットサテンカーゴパンツ
cr24aw23051,02,68cm〜83cm/4cm/116cm/75cm/33cm/72cm/105cm,マットサテンカーゴパンツ
cr24aw23051,03,72cm〜87cm/4cm/120cm/77cm/34cm/74cm/108cm,マットサテンカーゴパンツ
cr24aw06418,01,,ボックスタックキャミワンピース
cr24aw06418,02,,ボックスタックキャミワンピース
cr24aw06418,03,,ボックスタックキャミワンピース
cr24aw19052,01,66cm〜70cm/5cm/99cm/266cm/90cm,フェイクレザードレープスカート
cr24aw19052,02,69cm〜73cm/5cm/102cm/269cm/93cm,フェイクレザードレープスカート
cr24aw19052,03,72cm〜76cm/5cm/105cm/272cm/96cm,フェイクレザードレープスカート
cr24aw06053,01,64cm/10cm/58cm/126cm/63cm/41cm/24cm/76cm,ビッグポケットハイネックブラウス
cr24aw06053,02,66cm/10cm/59cm/129cm/65cm/42cm/25cm/80cm,ビッグポケットハイネックブラウス
cr24aw06053,03,68cm/10cm/60cm/132cm/66cm/43cm/26cm/84cm,ビッグポケットハイネックブラウス
cr24aw05809,01,56cm/9cm/35cm/36cm/84cm/42cm/35cm/18cm,シルクブレンドハイネックトップス
cr24aw05809,02,59cm/9cm/35cm/37cm/88cm/44cm/36cm/19cm,シルクブレンドハイネックトップス
cr24aw05809,03,62cm/9cm/35cm/38cm/92cm/46cm/37cm/20cm,シルクブレンドハイネックトップス
cr24aw03061,01,58cm/106cm/105cm/53cm/66cm/32cm/79cm,ツイーディヘリンボンジャケット
cr24aw03061,02,59cm/109cm/108cm/55cm/68cm/33cm/81cm,ツイーディヘリンボンジャケット
cr24aw03061,03,60cm/112cm/111cm/56cm/70cm/34cm/83cm,ツイーディヘリンボンジャケット
cr24aw07907,99,/44mm/16mm/19.1mm/5mm/19mm/2.2〜4mm/5g//17.8mm/19mm/4〜5mm/4g,フープライクイヤーカフセット
cr24aw07807,99,約29mm/約13〜14mm/17mm/2.2〜2.7mm/8g,ツイストカーブチェーンピアス
cr24aw07707,99,"※ 850mm/0.8mm/20mm/7mm/5mm",マルチウェイドロップネックレス
cr24aw07607,99,450mm/21.6mm/11.6mm/2.2〜2.7mm/30mm/52g,ツイストカーブチェーンネックレス
cr24aw07516,05,89cm/2.5cm/60〜75cm/3.6cm/5.1cm/0.4〜0.58cm,ボタンスタッズレザーベルト
cr24aw07516,06,101.5cm/2.5cm/72.5〜87.5cm/3.6cm/5.1cm/0.4〜0.58cm,ボタンスタッズレザーベルト
cr24ss18030,01,32cm/75.6cm〜94.6cm/88.5cm/36cm〜44cm/92cm,ナイロンマルチウェイセットアップ
cr24ss18030,02,"32.5cm/ 79.6cm〜98.6cm/92.5cm/37cm〜45cm/96cm",ナイロンマルチウェイセットアップ
cr24ss18030,03,33cm/83.6cm〜102.6cm/96.5cm/38cm〜46cm/100cm,ナイロンマルチウェイセットアップ
cr24ss19034,01,92cm/67cm/98cm/114cm/4.5cm,ヴィンテージライクデニムスカート
cr24ss19034,02,95cm/70cm/101cm/118cm/4.5cm,ヴィンテージライクデニムスカート
cr24ss19034,03,98cm/73cm/104cm/122cm/4.5cm,ヴィンテージライクデニムスカート
cr24ss06024,01,64cm/60cm/47.2cm/8.6cm/118cm/47.8cm/48cm/25cm/120cm,ソフトリネンシアーシャツ
cr24ss06024,02,67cm/62cm/48.5cm/8.8cm/121cm/48.8cm/40.5cm/26cm/123cm,ソフトリネンシアーシャツ
cr24ss06024,03,70cm/64cm/49.8cm/9cm/124cm/49.8cm/51cm/27cm/126cm,ソフトリネンシアーシャツ
cr24ss07027,01,54cm/39.5cm/10cm/97cm/35cm/26.5cm/28cm/97cm,シルケットピンタックT
cr24ss07027,02,57cm/40.5cm/10.25cm/100cm/37cm/28cm/29.5cm/100cm,シルケットピンタックT
cr24ss07027,03,60cm/41.5cm/10.5cm/103cm/39cm/29.5cm/31cm/103cm,シルケットピンタックT
cr24ss03021,01,63.5cm/39cm/95cm/52cm/28.5cm/38cm/99cm,ハーフスリーブボクシージャケット
cr24ss03021,02,66.4cm/40cm/98cm/53cm/30.5cm/38.8cm/102cm,ハーフスリーブボクシージャケット
cr24ss03021,03,69.3cm/41cm/101cm/54cm/32.5cm/39.6cm/105cm,ハーフスリーブボクシージャケット
cr24ss07031,01,53cm/33.5cm/9.8cm/90cm/43cm,マルチカラーノースリーブトップス
cr24ss07031,02,55.5cm/34.5cm/9.9cm/93cm/44cm,マルチカラーノースリーブトップス
cr24ss07031,03,58cm/35.5cm/10cm/96cm/45cm,マルチカラーノースリーブトップス
cr24ss11029,01,62cm〜69.2cm/94cm/35.5cm/64cm/64.4cm/44cm/5cm,サイドタックスラブワイドパンツ
cr24ss11029,02,66cm〜73.2cm/98cm/36.2cm/66cm/66.4cm/46cm/5cm,サイドタックスラブワイドパンツ
cr24ss11029,03,70cm〜77.2cm/102cm/37.1cm/68cm/68.4cm/48cm/5cm,サイドタックスラブワイドパンツ
cr24ss09036,99,32cm/70cm〜/28cm〜36cm,マルチウェイジップニットビスチェ
cr24ss18034,01,123cm/39cm/33cm/100cm/91.2cm/104cm/57.5cm/750g,ディープネックセットワンピース
cr24ss18034,02,"128cm/40cm/33,5cm/103cm/94.2cm/107cm/58.5cm/800g",ディープネックセットワンピース
cr24ss18034,03,133cm/41cm/34cm/106cm/97.2cm/110cm/59.5cm/840g,ディープネックセットワンピース
cr24ss10026,00,67cm/100cm/28cm/66cm/64cm/45cm/4cm,ソフトカーヴィデニムスラックス
cr24ss10026,01,70cm/104cm/30cm/67cm/67.8cm/45.8cm/4.2cm,ソフトカーヴィデニムスラックス
cr24ss10026,02,73cm/108cm/32cm/68cm/69.2cm/46.4cm/4.3cm,ソフトカーヴィデニムスラックス
cr24ss10026,03,76cm/112cm/34cm/70cm/70.6cm/47cm/4.5cm,ソフトカーヴィデニムスラックス
cr24ss19020,01,90cm/65〜77.6cm/99cm/107cm/5.5cm,バックタックナロースカート
cr24ss19020,02,93cm/69〜81.6cm/103cm/111cm/5.5cm,バックタックナロースカート
cr24ss19020,03,96cm/73〜85.6cm/107cm/115cm/5.5cm,バックタックナロースカート
cr24ss06031,01,"60.5cm/39cm/46,5cm/93cm/81cm/38.4cm/59cm/34cm",フレアスリーブメッシュシャツ
cr24ss06031,02,62cm/40cm/47.5cm/96cm/84cm/39.4cm/61cm/35cm,フレアスリーブメッシュシャツ
cr24ss06031,03,63.5cm/41cm/48.5cm/99cm/87cm/40.4cm/63cm/36cm,フレアスリーブメッシュシャツ
cr24ss07023,01,57.5cm/34cm/11cm/7cm/90cm/84cm/30cm/59cm/25cm,2wayハニカムサーマルカットソー
cr24ss07023,02,60.5cm/35cm/11.25cm/7.25cm/93cm/87cm/32cm/61cm/26cm,2wayハニカムサーマルカットソー
cr24ss07023,03,63.5cm/36cm/11.5cm/7.5cm/96cm/90cm/33cm/63cm/27cm,2wayハニカムサーマルカットソー
cr24ss03033,01,68cm/39cm/95cm/52.5cm/58cm/11cm/100cm,ダブルブレストツイルジャケット
cr24ss03033,02,70cm/40cm/98cm/53.5cm/60cm/11cm/103cm,ダブルブレストツイルジャケット
cr24ss03033,03,72cm/41cm/101cm/54.5cm/62cm/11cm/106cm,ダブルブレストツイルジャケット
cr24ss01022,01,114cm/117cm/79cm/169cm/920g,ドレープステンカラーコート
cr24ss01022,02,119cm/120cm/82cm/172cm/1000g,ドレープステンカラーコート
cr24ss01022,03,128cm/123cm/85cm/175cm/1008g,ドレープステンカラーコート
cr23aw11005,01,66cm/97cm/25cm/68cm/61cm/46cm/54cm/4cm,ウォッシャブルフレアパンツ
cr23aw11005,02,70cm/101cm/26.5cm/71cm/63cm/48cm/56cm/4cm,ウォッシャブルフレアパンツ
cr23aw11005,03,76cm/105cm/28cm/73cm/65cm/50cm/58cm/4cm,ウォッシャブルフレアパンツ
cr23aw09016,01,56cm/55cm/120cm/42cm/67cm/18cm/113cm,ブークレークルーネックニット
cr23aw09016,02,60cm/58cm/128cm/44cm/69cm/18cm/121cm,ブークレークルーネックニット
cr23aw05003,01,72cm/43cm/132cm/63cm/62.5cm/28・40cm/136cm/9.5cm/820g,スタンドカラーダウンジャケット
cr23aw05003,02,76cm/45cm/136cm/64.5cm/64.5cm/28・42cm/140cm/9.5cm/880g,スタンドカラーダウンジャケット
cr23aw01002,01,"79cm/40cm/117cm/53cm/60cm/36cm/142cm/1,100g",ビッグカラーミディコート
cr23aw01002,02,"84cm/42cm/122cm/55cm/63cm/38.5cm/147cm/1,200g",ビッグカラーミディコート
cr23aw14018,99,69cm/52cm/69cm/1.1cm×2cm,ツイストチェーンネックレス
cr23aw18008,01,121cm/35cm/86cm/34cm/67cm/17cm/172cm/7cm/28cm/710g,フロントフライニットワンピース
cr23aw18008,02,127cm/36cm/89cm/34cm/69cm/17cm/175cm/7cm/29cm/870g,フロントフライニットワンピース
cr23aw18008,03,133cm/37cm/92cm/34cm/71cm/17cm/178cm/7cm/30.5cm/900g,フロントフライニットワンピース
cr23aw19015,01,89cm/63‾72cm/101cm/107cm/33cm,フェイクレザーナロースカート
cr23aw19015,02,92cm/67‾76cm/105cm/111cm/36cm,フェイクレザーナロースカート
cr23aw19015,03,95cm/72‾81cm/110cm/116cm/39cm,フェイクレザーナロースカート
cr23aw09014,01,48cm/62cm/52cm/106cm/44cm/49cm/28cm/106cm/28cm,メランジディープVネックニット
cr23aw09014,02,51cm/65cm/54cm/112cm/46cm/50cm/30cm/112cm/28cm,メランジディープVネックニット
cr23aw06019,01,47cm/65cm/38cm/166.5cm/46.5cm/58cm/25.5‾29.5cm/195cm,ボタンスリーブギャザーシャツ
cr23aw06019,02,50cm/68cm/39cm/169.5cm/47.5cm/59cm/26‾30cm/198cm,ボタンスリーブギャザーシャツ
cr23aw01001,01,"117cm/43cm/112cm/49.5cm/55cm/32cm/164cm/1,700g",カスタムメルトンマキシコート
cr23aw01001,02,"121cm/45cm/114cm/50.5cm/57cm/33cm/166cm/1,760g",カスタムメルトンマキシコート
cr23aw01001,03,"128cm/47cm/116cm/51.5cm/59cm/34cm/168cm/1,840g",カスタムメルトンマキシコート
cr23aw07007,01,62cm/32cm/67.5cm/29cm/78cm,フロッキーチュールトップス
cr23aw07007,02,68cm/34cm/68.5cm/31cm/84cm,フロッキーチュールトップス
cr23aw06006,01,71cm/120cm/51cm/52cm/46.5cm/20-26cm/120cm,アセテートパネルシームシャツ
cr23aw06006,02,75cm/124cm/53cm/54cm/48.5cm/22-28cm/124cm,アセテートパネルシームシャツ
cr23aw11004,01,68cm/99.5cm/28.5cm/64.5cm/67cm/50cm,ウールブレンドスラックス
cr23aw11004,02,72cm/103.5cm/29cm/67.5cm/69cm/51cm,ウールブレンドスラックス
cr23aw11004,03,78cm/109.5cm/30cm/70.5cm/72cm/53cm,ウールブレンドスラックス
cr23aw18011,01,116-126cm/88cm/100cm/112cm,リングジャカードワンピース
cr23aw18011,02,120-130cm/91cm/103cm/115cm,リングジャカードワンピース
cr23aw18011,03,125-135cm/95cm/106cm/119cm,リングジャカードワンピース
cr23aw19010,01,89cm/67‾70cm/105cm/231cm,ドレープサテンマキシスカート
cr23aw19010,02,92cm/70‾73cm/108cm/234cm,ドレープサテンマキシスカート
cr23aw19010,03,95cm/74‾77.5cm/111cm/237cm,ドレープサテンマキシスカート
cr23aw03007,01,71cm/97cm/39cm/58cm/38cm/10.5cm/102cm,ヘザーカラーミニマルジャケット
cr23aw03007,02,75cm/101cm/41cm/62cm/40cm/10.5cm/106cm,ヘザーカラーミニマルジャケット
