Product,Total
シームポケットテクスチャーシャツ,2769
ウォーターリペレントスラックス,1774
マルチウェイカーディガン＆ビスチェ,1761
キーネックシアーニットフーディ,1716
スプリングスタンドカラーハーフコート,1637
ポケッタブルストレッチジャケット,1633
ミニマルIラインデニムスカート,1429
マルチスタイルレザーミニポシェット,1216
サイドスリットシアーワンピース,1190
マルチウェイドロップネックレス,1106
ボタンスタッズレザーベルト,713
アジャスタブルIラインデニムパンツ,406
タイプライターバミューダパンツ,335
ラップレイヤードストレートパンツ,219
コットンリネンシングルジャケット,181
ストレッチベロアストレートスカート,149
グロッシーペブルピアス / イヤリング,134
マルチウェイソフトレザーバッグ,127
キャミレイヤードカシュクールニット,118
ストライプパネルシームシャツ,109
ドライコンフォートカラーTシャツ,108
ダブルテーラードジャケット,107
2wayカラーツイルロングコート,95
フリーシェイプブローチネックレス,83
エポーレットラグランコットンニット,83
フリーウエストベルテッドパンツ,82
バックドロストハイネックトップス,82
ウォッシャブルサテンスラックス,77
サテンドレープシャツワンピース,75
ヴィンテージギャバルーズブルゾン,72
2wayハイネックスリムカーディガン,72
3wayスリットIラインスカート,63
シルクブレンドハイネックトップス,58
サイドシームニットラインスラックス,56
ピンタックスラブストレートパンツ,53
シアーベロアクルーネックT,49
ナイロンレザーショルダーバッグ,47
ウェイビーアジャスタブルネックレス,47
シアーニットストレートワンピース,46
ラッフルカラーコットンブラウス,44
リバーロングステンカラーコート,44
フロントフライバックオープンジレ,40
テンセルコットンピケIラインスカート,40
イージーラップマキシワンピース,34
ダブルブレストダウンジャケット,34
フロントフライニットワンピース,33
フルダルスパンフードシャツ,33
アシンメトリーツータックパンツ,32
ソフトツイードオーバージャケット,30
2wayウールカシミアニットビスチェ,30
モヘヤミックスシアールーズニット,29
モイストタッチボリュームストール,28
シルクブレンドボートネックロンT,28
レイヤードシアージャケット,24
ナイロンマルチウェイセットアップ,24
ウールリヨセルハイネックニット,24
Unavailable,23
コットンミックスカノコニット,21
ボタンスタッズスウェードベルト,21
バックタックナロースカート,21
フェイクスウェードIラインスカート,20
Unavailable,20
アジャスタブルウールロングコート,20
ストラップフィットコットンビーニー,19
Unavailable,18
Unavailable,18
Unavailable,18
セミドルマンドロストデザインシャツ,18
ロービングスラブルーズニット,17
ナイロンドレープマキシスカート,17
Unavailable,17
Unavailable,17
カシミアブレンドメリノウールニット,16
ツイストカーブチェーンネックレス,16
リバーフーデッドミドルコート,15
Unavailable,15
2wayハニカムサーマルカットソー,14
ボックスタックキャミワンピース,14
バックステッチレギュラーシャツ,14
ヴィンテージライクワイドパンツ,13
POP UP ウォーターリペレントスラックス,13
マルチウェイレイヤードタンクトップ,13
Unavailable,13
Unavailable,11
2wayラフインレーボートネックロンT,11
2wayウォーターパールネックレス,11
テンセルコットンピケミニマルシャツ,11
Unavailable,11
2wayノーカラーパファーコート,10
Unavailable,9
Unavailable,9
Unavailable,9
ロービングスラブニットスカート,9
メランジハイネックルーズニット,9
オーバーサイズコットンシャツ,9
シルケットピンタックT,9
Unavailable,9
ソフトカーヴィデニムスラックス,8
マイルドシャギーウールPコート,8
ツイーディヘリンボンジャケット,8
Unavailable,8
ギャバフリースウォームスラックス,8
サイドタックスラブワイドパンツ,8
スタンドカラーダウンジャケット,7
サイドシームレスニットパンツ,7
ウールライクラップロングスカート,7
バックタックナロースカート,6
ラップレイヤードIラインスカート,6
ショールハーフスリーブジャケット,6
ドレープステンカラーコート,6
2wayハニカムサーマルカットソー,6
Unavailable,6
Unavailable,6
Unavailable,6
カーヴィシームリブプルオーバー,5
マットサテンカーゴパンツ,5
セットインルーズスウェットロンT,5
Unavailable,5
ハーフスリーブボクシージャケット,5
テストコピー,5
トリアセテートジャカードパンツ,5
ケープレイヤードVネックベスト,5
フェイクレザードレープスカート,5
ディープネックセットワンピース,5
Unavailable,5
ソフトカーヴィーデニムパンツ,5
2wayウールリバーショートコート,5
ピーチスキンモッズコート,5
Unavailable,5
ビッグポケットハイネックブラウス,5
コーデュロイシートダウンコート,4
フェイクレザージップブルゾン,4
フープライクイヤーカフセット,4
ビッグカラーミディコート,4
Unavailable,4
Unavailable,4
シャギークルーネックルーズニット,4
マルチカラーノースリーブトップス,4
ベルベットフードワンピース,4
メランジディープVネックニット,4
ツイストチェーンネックレス,4
Unavailable,3
Unavailable,3
ドレープステンカラーコート,3
ソフトツイストデニムワイドパンツ,3
2wayハイネックボウタイシャツ,3
Unavailable,3
フォトグラフィープリントTシャツ,3
ミックスヤーンクルーネックニット,3
キュプラブレンドナロースカート,2
ジョーゼットシェイプワンピース,2
フレアスリーブメッシュシャツ,2
マルチウェイジップニットビスチェ,1
ダブルブレストツイルジャケット,1
ウォッシャブルフレアパンツ,1
フロントフライニットワンピース,1
Unavailable,1
Unavailable,1
カスタムメルトンマキシコート,1
ウールミックスツィードスラックス,1
ブークレークルーネックニット,1
ツイストカーブチェーンピアス,1
Unavailable,1
リングジャカードワンピース,1
